,confidence,consensus,id,net spoke 5% similarity,net spoke 95% similarity,net spoke PC1,spoke 5% similarity,spoke 95% similarity,spoke PC1,survey 5% similarity,survey 95% similarity,survey PC1,t,network
GT_jcfFiGC22Api8cm7o_0,60.73684210526316,58.26315789473684,jcfFiGC22Api8cm7o,-0.10942070392300365,0.17309253086123333,0.16759561093435923,-0.2672828814037137,0.7708333333333331,0.3560066550233911,-0.4808584004821353,0.5772148563112725,0.28563771400045845,0,1
GT_jcfFiGC22Api8cm7o_1,54.8,53.35,jcfFiGC22Api8cm7o,-0.05128698843589079,0.18815648227274853,0.14773748287209817,-0.2434678572636328,0.7703915793837133,0.33854315667120705,-0.3077246945268811,0.8329224351984632,0.33046945928712523,1,1
GT_Lj2up2ePZA6WtiK4q_0,53.0,48.78947368421053,Lj2up2ePZA6WtiK4q,-0.13591175471794198,0.09613841317506899,0.04445828702813029,-0.1160601618408778,0.7483314773547882,0.2769366531735389,-0.41527452782858376,0.7842804246086736,0.28002063314471193,0,0
GT_Lj2up2ePZA6WtiK4q_1,55.1,49.95,Lj2up2ePZA6WtiK4q,-0.08897601644671317,0.15301905043745329,0.0876055531333884,-0.2671697498476332,0.6777968433388376,0.2868857517799482,-0.4879638237052412,0.6208765358843904,0.32897098904209543,1,0
GT_oWf8QrmFrj8ZiE6JK_0,58.94736842105263,64.57894736842105,oWf8QrmFrj8ZiE6JK,-0.046485300492359743,0.39916614217861934,0.21310445592434799,-0.2714483570153183,0.9061048196370303,0.39218408524966103,-0.4651911448284872,0.6384202511605257,0.4358868346149281,0,1
GT_oWf8QrmFrj8ZiE6JK_1,51.0,54.73684210526316,oWf8QrmFrj8ZiE6JK,-0.1044995708767884,0.292081560945435,0.27092219514927846,-0.29724667582593955,0.8560771088919391,0.47780740578438463,-0.5846287554822832,0.6205872564008381,0.3614852532040447,1,1
GT_MfjKnfErfu8AMLKps_0,59.526315789473685,58.73684210526316,MfjKnfErfu8AMLKps,-0.04072748223917294,0.05137481353523354,0.045648293446240606,-0.1903865140115198,0.6026423076047173,0.3038271738437632,-0.5441028833037368,0.591943257213771,0.27111880104190866,0,0
GT_MfjKnfErfu8AMLKps_1,59.95,59.45,MfjKnfErfu8AMLKps,-0.03155820634099631,0.07894284899366837,0.006063233625654106,-0.21277961637100207,0.6360782060820831,0.24182797671797013,-0.5432872034301918,0.7451631815393198,0.4256840439659125,1,0
GT_mSJbtZFsaaWC3ANqy_0,62.35,59.9,mSJbtZFsaaWC3ANqy,-0.08939156633225455,0.3644188376634968,0.18668986185534153,-0.29165465562582654,0.8813663057736554,0.37584628181974306,-0.448069460650733,0.738816616699061,0.39762523427724733,0,1
GT_mSJbtZFsaaWC3ANqy_1,57.833333333333336,55.611111111111114,mSJbtZFsaaWC3ANqy,-0.07188856688378051,0.2925001102205942,0.17614871458458972,-0.3143688590822664,0.7698003589195012,0.37250087451248476,-0.566077241171584,0.6419315539392488,0.28825884878515645,1,1
GT_rtzgQPuxzH7dGbna4_0,70.9,65.85,rtzgQPuxzH7dGbna4,-0.06475724991639545,0.14875221595961177,0.12753217302283656,-0.1434742164478678,0.7458917790407569,0.38807168872219483,-0.40553968512695454,0.7101636122214495,0.3841103617378002,0,0
GT_rtzgQPuxzH7dGbna4_1,65.44444444444444,55.888888888888886,rtzgQPuxzH7dGbna4,-0.03899753853657639,0.13098615644445255,0.0714473290197227,-0.2575205986598699,0.6517949073958693,0.2737686717382181,-0.38349719606310206,0.7072536702978807,0.33634742092274766,1,0
GT_b4CBPunda96KnrhFi_0,49.578947368421055,55.26315789473684,b4CBPunda96KnrhFi,-0.0911015650450885,0.20766934672648307,0.1605156026969048,-0.11065666703449757,0.8451235648337585,0.3487152257297032,-0.30112668180908003,0.7186724920379259,0.3844448438796444,0,1
GT_b4CBPunda96KnrhFi_1,66.63157894736842,62.68421052631579,b4CBPunda96KnrhFi,-0.1925361419722801,0.1406604142180713,0.2483185263570618,-0.15253477177414324,0.8210201423071631,0.4531229009058444,-0.18096532683219335,0.9119789957297904,0.4769757782857754,1,1
GT_EFdcytJKJJAgFebvR_0,51.36842105263158,54.68421052631579,EFdcytJKJJAgFebvR,-0.05692462537488224,-0.027811915264892573,0.034755860029025504,0.05786537963327733,0.6919778044745626,0.24548398652425168,-0.22578372584001827,0.8137404589302116,0.4036548920788771,0,0
GT_EFdcytJKJJAgFebvR_1,45.7,39.05,EFdcytJKJJAgFebvR,-0.019230774277521557,0.030270835257474767,0.03065147900968434,-0.16663749511068598,0.632659606844322,0.22677304298243844,-0.4814963644025042,0.6459772565984739,0.27514373758566657,1,0
GT_NkvLcmxvQY36f759u_0,52.25,52.65,NkvLcmxvQY36f759u,-0.08516154759007216,0.23061551226417665,0.1515750584998983,-0.3211009126611494,0.7054070985331297,0.3454124964506472,-0.4822569672606364,0.671286211605224,0.36932917569460777,0,1
GT_NkvLcmxvQY36f759u_1,58.35,63.4,NkvLcmxvQY36f759u,-0.031676675832596805,0.24863897943093777,0.10633087926402196,-0.25062206759266786,0.7130026966466757,0.2971141942726087,-0.589132231022909,0.6229366033528677,0.3839307825497165,1,1
GT_yAmdFLN5XZJ6SxeKL_0,55.7,56.65,yAmdFLN5XZJ6SxeKL,-0.11463001790182517,0.06955031253377277,0.05516648484573798,-0.20098536226581118,0.6718931775064731,0.27135231839216994,-0.48131003975812714,0.6474057763180474,0.26728154943286486,0,0
GT_yAmdFLN5XZJ6SxeKL_1,63.111111111111114,57.05555555555556,yAmdFLN5XZJ6SxeKL,-0.06703631433406493,0.22458711832611067,0.10005286562959001,-0.23689008987951798,0.7904761904761906,0.30044363650263417,-0.5628086196131761,0.6288789143924602,0.31444233824594275,1,0
GT_qQyhQa275SKLzM3X9_0,57.5,54.4,qQyhQa275SKLzM3X9,-0.08429860653125983,0.21199786178156688,0.20324646959970902,-0.25321767701084263,0.7806181410926565,0.4103248936560736,-0.47191560527965243,0.6383364015737677,0.30637900445277455,0,1
GT_qQyhQa275SKLzM3X9_1,57.75,53.25,qQyhQa275SKLzM3X9,-0.1152634797358954,0.3051942373586903,0.2657291965216447,-0.36672090241550714,0.7949725446236705,0.4709651206928102,-0.4707964053456017,0.7622607315465166,0.45478399750325654,1,1
GT_c2BKscFKSBaujzQHw_0,63.4,60.9,c2BKscFKSBaujzQHw,-0.05406647868875562,0.03175552499589128,-0.0022791621029923425,-0.07144678243516918,0.6650807715704276,0.32675128667065495,-0.4790555820979559,0.561405429338739,0.29986849993006787,0,0
GT_c2BKscFKSBaujzQHw_1,60.6875,58.75,c2BKscFKSBaujzQHw,-0.04195190687921305,0.15446806552198244,0.08081069789513626,-0.24548306868118278,0.6473824628527559,0.3284043490592138,-0.3312855507168885,0.6802901429495984,0.25051325219243525,1,0
GT_9oijjTA5XEFzCtedK_0,55.5,53.2,9oijjTA5XEFzCtedK,-0.0397808836859432,0.20492149388476522,0.13906497418569946,-0.10549559541536875,0.8075227881863747,0.32753004571672545,-0.4562269998950549,0.69405910007611,0.3451298430332076,0,1
GT_9oijjTA5XEFzCtedK_1,52.21052631578947,52.89473684210526,9oijjTA5XEFzCtedK,-0.14993026941581603,0.21967732912800925,0.2270142293065019,-0.39223227027636853,0.6831300510639732,0.42106612734164345,-0.5223494972725493,0.6328541043518956,0.28570871073869675,1,1
GT_SamzHPveTXj44MS6F_0,53.8421052631579,56.63157894736842,SamzHPveTXj44MS6F,-0.07558232683266615,0.1488639414317665,0.09819761725563053,-0.17687990278638166,0.7461248111888981,0.3081238983979413,-0.35790246125774006,0.5836295061511794,0.24054521694947534,0,0
GT_SamzHPveTXj44MS6F_1,55.5,56.55,SamzHPveTXj44MS6F,-0.11213452915035924,0.12723163373911955,0.07045352248043642,-0.06447368875191095,0.7966512812539945,0.3757196081762549,-0.43587691642026727,0.5473542053209985,0.33377681150475597,1,0
GT_2RErnuyZ5YmzTzpxh_0,56.388888888888886,51.166666666666664,2RErnuyZ5YmzTzpxh,-0.152654499106369,0.3412240431664322,0.2281385339850981,-0.3791804802010318,0.8155875441023525,0.4289148823886388,-0.5334814062893672,0.7081967468489987,0.36105901297696696,0,1
GT_2RErnuyZ5YmzTzpxh_1,50.26315789473684,49.05263157894737,2RErnuyZ5YmzTzpxh,-0.0761330543078184,0.26692117038360647,0.14552717431999526,-0.2956954765937585,0.7658692430600651,0.357379050250739,-0.3146445957925921,0.7838162306503255,0.3014328541862352,1,1
GT_7kcXpJaQqJmx68nYz_0,52.35,46.55,7kcXpJaQqJmx68nYz,-0.11394691897624556,0.07669771112850758,0.035459656882334975,-0.08085399482156473,0.7151647813935956,0.3093585446802096,-0.5261605961952004,0.6726792046799432,0.3841849749007848,0,0
GT_7kcXpJaQqJmx68nYz_1,54.45,50.45,7kcXpJaQqJmx68nYz,-0.08836399372868928,0.03294895073228941,0.027244945664789508,-0.17963171265809907,0.6237101692258926,0.23151312309444974,-0.43363522361267426,0.7369509208019327,0.2907349898822579,1,0
GT_RLNbvyv9ipkrkPJKc_0,65.85,69.9,RLNbvyv9ipkrkPJKc,-0.12373271025369516,0.3776172590419555,0.23101158629542573,-0.3686615850140017,0.830681557314709,0.42272272953296186,-0.5925988134502873,0.5739035086796824,0.44800324842847905,0,1
GT_RLNbvyv9ipkrkPJKc_1,71.84210526315789,71.0,RLNbvyv9ipkrkPJKc,-0.07369677555866376,0.25571894870982853,0.16616093497476037,-0.3171362311177258,0.6929810507654272,0.35191085805843886,-0.5367608075601717,0.6120301864330734,0.32207958612249965,1,1
GT_mYHZ32AyKCmNrfSY5_0,53.7,57.3,mYHZ32AyKCmNrfSY5,-0.010377562150005754,0.012788646679396228,0.004924712695593627,-0.15414036748634571,0.5754711987384435,0.3054108591927033,-0.45031305899890983,0.6519624748470662,0.3075275526987486,0,0
GT_mYHZ32AyKCmNrfSY5_1,73.44444444444444,67.55555555555556,mYHZ32AyKCmNrfSY5,-0.019236236337249135,0.07311068657428688,0.0715462693734765,-0.21549855796030776,0.6330427056250623,0.2876301974964213,-0.5212927222898791,0.5419360145547524,0.41869923048454666,1,0
GT_55mC2NYGpS5sYb46x_0,61.8421052631579,61.8421052631579,55mC2NYGpS5sYb46x,-0.11804713222048908,0.24358152987992543,0.30173850724445533,-0.1965531908682726,0.8320502943378437,0.48949323616122875,-0.549005571906687,0.8069973704427864,0.4499909484756914,0,1
GT_55mC2NYGpS5sYb46x_1,60.8421052631579,54.421052631578945,55mC2NYGpS5sYb46x,-0.08527874812600222,0.3050078285662501,0.2411892050901486,-0.28867513459481287,0.8856148855400952,0.4380698042243413,-0.5995384797864898,0.7158172962205425,0.3415425772729556,1,1
GT_KtFjB6pDKRispFwCs_0,44.75,45.65,KtFjB6pDKRispFwCs,-0.08856163314653367,0.0444015296668876,0.007873498826979122,-0.03126160234924798,0.7172093795569767,0.27225616006511605,-0.2000253509417857,0.7386328346999973,0.2849764913813631,0,0
GT_KtFjB6pDKRispFwCs_1,51.35,50.2,KtFjB6pDKRispFwCs,-0.0006427130796271806,0.041087683980834525,0.030115352120355175,-0.01796351736908694,0.6797764665411595,0.28822398379002534,-0.45827233921644844,0.6062055646252995,0.24448684468953585,1,0
GT_yGuanMgCM54YkTWBP_0,58.8421052631579,58.8421052631579,yGuanMgCM54YkTWBP,-0.1134491595206667,0.2829635608414991,0.17570094936202937,-0.3704792868174742,0.7528902155567445,0.3611192890580587,-0.5571631795465776,0.7260516055210968,0.4019309125349552,0,1
GT_yGuanMgCM54YkTWBP_1,63.75,56.7,yGuanMgCM54YkTWBP,0.0064487212440556664,0.08530914592724995,0.0881706912504433,0.12187728419159152,0.8373821374162729,0.2964662141902469,-0.31462545007567067,0.6939824594868128,0.30861389716744164,1,1
GT_W3Pr3tyHAoPsyoZxh_0,51.85,59.8,W3Pr3tyHAoPsyoZxh,-0.07502055972894292,0.049908670218503,0.013966145284718252,-0.10889951770439535,0.7186352999327359,0.24636630176346622,-0.3044828250272307,0.7053009130606573,0.28772614819328945,0,0
GT_W3Pr3tyHAoPsyoZxh_1,54.8421052631579,51.8421052631579,W3Pr3tyHAoPsyoZxh,-0.034753993401563765,0.08343961870506933,0.03073399189520773,-0.2531989699854282,0.577419011149896,0.218638543151178,-0.5254057512208621,0.5767135642833858,0.27327147826926595,1,0
GT_sKStjcTJvnnofxCgB_0,59.65,54.8,sKStjcTJvnnofxCgB,-0.22589845974112532,0.3132763793077823,0.26879602824032534,-0.4307967003373816,0.8390044153722707,0.46863021229761004,-0.5569506127238675,0.6213710552454552,0.3001101270071479,0,1
GT_sKStjcTJvnnofxCgB_1,64.0,64.83333333333333,sKStjcTJvnnofxCgB,-0.07872159520090061,0.15435881709465882,0.15245415588750333,-0.2659158200509647,0.6943695587594731,0.4051648515182544,-0.590119259200596,0.7098814634733781,0.3959804005449825,1,1
GT_BhccgcKQe7bpH7pWi_0,67.55,65.7,BhccgcKQe7bpH7pWi,-0.055399959922248644,0.1278395474312944,0.054293187314772035,-0.2779649175797833,0.619114859026187,0.2515438055819383,-0.3765447129276232,0.6673418434971783,0.2824755750972644,0,0
GT_BhccgcKQe7bpH7pWi_1,68.15789473684211,63.0,BhccgcKQe7bpH7pWi,-0.11773822824143326,0.12876433475263682,0.10426661956858098,-0.36486866160108183,0.5717048364178003,0.2946105501939725,-0.3586734710513967,0.6269354328506079,0.36334861936362567,1,0
GT_KC4EWWmEew2eiQFcQ_0,49.3,57.65,KC4EWWmEew2eiQFcQ,-0.09952138313223297,0.3190245491344884,0.1568497270271276,-0.2571428571428572,0.8674544338024659,0.3340662690428809,-0.43661991540584943,0.7005700755231155,0.4165535157337021,0,1
GT_KC4EWWmEew2eiQFcQ_1,61.0,57.45,KC4EWWmEew2eiQFcQ,-0.09070318975414174,0.34421199994936513,0.20955003961694094,-0.28317527269340115,0.885614885540095,0.40352088670160663,-0.46270269102050143,0.8366669936554982,0.4742472253494339,1,1
GT_nyj44mrAdH9BGGSnK_0,58.3,55.25,nyj44mrAdH9BGGSnK,-0.08029551995687481,0.08622202423246539,0.0034219400251081222,-0.020826488922056442,0.75955452531275,0.1944236785670807,-0.30412932480608373,0.7324657404522206,0.3048989362705098,0,0
GT_nyj44mrAdH9BGGSnK_1,63.65,50.55,nyj44mrAdH9BGGSnK,0.007331818770324905,0.11001471415563313,0.06695342470210228,-0.13245323570650439,0.6708203932499368,0.24995573612243585,-0.341381993294595,0.7341876945527369,0.3444260647920675,1,0
GT_Zae6heWeMutojmXft_0,54.8421052631579,55.421052631578945,Zae6heWeMutojmXft,-0.09234902945995077,0.24416488378778234,0.15045117411546,-0.36341380468368684,0.7085767648225648,0.3304479671452945,-0.5864213894569761,0.5121683033752845,0.2630298945666241,0,1
GT_Zae6heWeMutojmXft_1,57.10526315789474,53.73684210526316,Zae6heWeMutojmXft,-0.17646588363957955,0.29676140795770706,0.2599417556683912,-0.4629100498862758,0.7250625755222431,0.43698984223101894,-0.5014973088307819,0.67176903314953,0.33550620967626354,1,1
GT_TCrgRvccdKGHeDvdW_0,55.9,54.75,TCrgRvccdKGHeDvdW,-0.08583360918955325,0.04451783843856656,0.0685181769254207,-0.2487593667677473,0.5773024168517511,0.26252912380995214,-0.39778907316644824,0.7497238751784885,0.26865126436720743,0,0
GT_TCrgRvccdKGHeDvdW_1,59.473684210526315,55.05263157894737,TCrgRvccdKGHeDvdW,-0.15024960859249967,0.14515026893622662,0.11473838448069548,-0.16028489182124747,0.7711078316961164,0.3580376350894242,-0.4516239422835208,0.7267588959236693,0.29783685073657135,1,0
GT_BfyZ5JjRKWhdjS7qy_0,53.2,59.9,BfyZ5JjRKWhdjS7qy,-0.0623911965390163,0.17665240777248342,0.14409201896198015,-0.17622646147108983,0.8563007870678426,0.3608215142029366,-0.5602794313771176,0.732766235128449,0.4245158751921755,0,1
GT_BfyZ5JjRKWhdjS7qy_1,59.05,60.2,BfyZ5JjRKWhdjS7qy,-0.13365581901500284,0.211498245138913,0.17364899828261066,-0.19194918642723505,0.8220477221827082,0.36720409067473386,-0.5486363837398798,0.7885947924248907,0.42423243841045555,1,1
GT_hE8iDmuY7wvbgTTRB_0,51.578947368421055,53.21052631578947,hE8iDmuY7wvbgTTRB,-0.04601217017207653,0.09532968144612386,0.032993421969485515,-0.008718487394958058,0.7426755358613555,0.25279836977332754,-0.22945180748899335,0.7085985182231567,0.26471517429938096,0,0
GT_hE8iDmuY7wvbgTTRB_1,56.578947368421055,51.21052631578947,hE8iDmuY7wvbgTTRB,-0.027756261228740503,0.12237641926873633,0.08514781983401223,-0.11511989963207096,0.6900655593423547,0.3084259686333488,-0.5262002614477417,0.700819506852538,0.3565234836547551,1,0
GT_dW6HD8ba9gXHqoWL8_0,53.89473684210526,66.84210526315789,dW6HD8ba9gXHqoWL8,-0.11197453658709722,0.3262817681129744,0.233035656401257,-0.34422695231371764,0.842927230423525,0.4282442152125432,-0.6696009201532385,0.7403618117343593,0.44314808768836533,0,1
GT_dW6HD8ba9gXHqoWL8_1,55.05263157894737,55.05263157894737,dW6HD8ba9gXHqoWL8,-0.09667147462260417,0.24406215445918733,0.20087402585148312,-0.3595432238024527,0.7250625755222431,0.38255197276586683,-0.4983300638452548,0.7572699738328481,0.39132586580953876,1,1
GT_Zxhtd5NFdLyNExLtN_0,64.57894736842105,58.89473684210526,Zxhtd5NFdLyNExLtN,-0.16766342922038607,0.12735117162348697,0.0926481060225482,-0.27195398935006776,0.6954455586137533,0.2975996474950254,-0.4319493904902568,0.6773478677218879,0.25293829763195824,0,0
GT_Zxhtd5NFdLyNExLtN_1,51.75,56.15,Zxhtd5NFdLyNExLtN,-0.03899673932261176,0.05418282744039706,0.04539427146221675,-0.100170514059468,0.6376838305062537,0.23650533287317538,-0.2951488507072811,0.6836105524404918,0.25096009993969903,1,0
GT_NNqcb487RHAbLvNso_0,59.21052631578947,57.0,NNqcb487RHAbLvNso,-0.17062265018367725,0.2758432370145706,0.17195091105274032,-0.38160837869103614,0.7708333333333331,0.3446724538339961,-0.46852991437921654,0.7311698066097106,0.32746106605647246,0,1
GT_NNqcb487RHAbLvNso_1,58.0,56.10526315789474,NNqcb487RHAbLvNso,-0.15711825714164024,0.35349419671992094,0.24686344836095964,-0.4276179870598791,0.7904761904761906,0.4271073153775962,-0.6189729290726389,0.6860165550833579,0.3666199453112871,1,1
GT_BfWPcLgXY7dKcAsdX_0,55.94736842105263,61.05263157894737,BfWPcLgXY7dKcAsdX,-0.0698605120518334,0.09412343609350926,0.03495281851993676,-0.17903664129389038,0.6900655593423543,0.38453946655489013,-0.4302777547057069,0.6453302192903168,0.3831236233589469,0,0
GT_BfWPcLgXY7dKcAsdX_1,59.15,62.0,BfWPcLgXY7dKcAsdX,-0.1125539380482247,0.09154399658765185,0.06226777130428953,-0.07964017542430869,0.7217116821740128,0.27028412236055915,-0.31319600099589257,0.8239790386524151,0.36151246754316074,1,0
GT_j5d27JCC2rTDBr4Yq_0,61.36842105263158,61.1578947368421,j5d27JCC2rTDBr4Yq,-0.13800093093174476,0.30231546419894856,0.29082491855716264,-0.2972909811253563,0.8478077553407812,0.4974572417139601,-0.6234893794292606,0.7722605141797169,0.3894976128150135,0,1
GT_j5d27JCC2rTDBr4Yq_1,60.68421052631579,54.78947368421053,j5d27JCC2rTDBr4Yq,-0.08413258890055861,0.2819611296129188,0.16621186147910327,-0.33210558207753677,0.768579040807974,0.35381422780565097,-0.42633967727385413,0.6509796775908251,0.3403020856974647,1,1
GT_yBcW7BjFe59HDfshF_0,62.588235294117645,60.8235294117647,yBcW7BjFe59HDfshF,-0.1041804138541157,0.12809694581118192,0.03462971417310273,-0.2318861148387342,0.6900655593423544,0.3553243502901253,-0.5374858688566453,0.5565315270620788,0.2695197663553252,0,0
GT_yBcW7BjFe59HDfshF_1,73.65,67.25,yBcW7BjFe59HDfshF,-0.09801585568331946,0.1351131615047547,0.08135205449324287,-0.2814904728940707,0.6219445283336934,0.27441465519474334,-0.4763538505820938,0.6997302125465078,0.37952023723548645,1,0
GT_xNo5TvYuoLwYHcgHv_0,58.6,60.55,xNo5TvYuoLwYHcgHv,0.00081843507968435,0.1509645327441007,0.11051381647847065,-0.1918224584045947,0.740242646307302,0.3166084320350915,-0.4659885294115572,0.7144110912627597,0.3540831263203263,0,1
GT_xNo5TvYuoLwYHcgHv_1,61.89473684210526,60.94736842105263,xNo5TvYuoLwYHcgHv,-0.06834178535456047,0.20196224390903306,0.15572473461384312,-0.29628625028503436,0.6997816584838743,0.34941281355588577,-0.5632296001150392,0.5896330317108328,0.34086496075073985,1,1
GT_ETYJ4Ru9uE3Fszkkr_0,49.05555555555556,52.77777777777778,ETYJ4Ru9uE3Fszkkr,-0.03162235262315191,0.0889297466254717,0.060458098894210915,-0.2079386000288115,0.6566182946576353,0.3043533419490424,-0.4012972917806986,0.6017554683686152,0.44969562241423744,0,0
GT_ETYJ4Ru9uE3Fszkkr_1,53.73684210526316,48.26315789473684,ETYJ4Ru9uE3Fszkkr,-0.06432690857916414,0.09179684886410676,0.06086174471379513,-0.2447442336913968,0.6143750101261256,0.25623915545756626,-0.4581496181661069,0.5628661467964168,0.3822407633702243,1,0
GT_L44rB9SbzauAEuMGe_0,60.64705882352941,61.35294117647059,L44rB9SbzauAEuMGe,-0.10008085431806601,0.21755470317153403,0.20814329412655813,-0.22779786890822373,0.8692269873603538,0.43382470009226864,-0.6874486076209235,0.765635233447415,0.5460635166843854,0,1
GT_L44rB9SbzauAEuMGe_1,68.6,68.35,L44rB9SbzauAEuMGe,-0.2008429156730367,0.2737675207410907,0.33743053913906484,-0.36051294546778034,0.8674597216736671,0.5718419862177264,-0.44415827329103186,0.8122083595929256,0.4091212874416496,1,1
GT_e6Kq4iEPeKDdJ3wyk_0,56.0,51.55,e6Kq4iEPeKDdJ3wyk,-0.07539240815652742,0.12376927402274147,0.027916284231867615,-0.14925412428817172,0.7001712197662214,0.2821698940439714,-0.5130798587599391,0.6138620738661806,0.3175044447663692,0,0
GT_e6Kq4iEPeKDdJ3wyk_1,69.0,61.89473684210526,e6Kq4iEPeKDdJ3wyk,-0.12101058951282963,0.20717860303457558,0.1257180081166203,-0.2617136713560483,0.7564766004120081,0.3635542272462749,-0.4883654356865472,0.6931915328255607,0.3888122495613733,1,0
GT_szPuQL8WF5prJP9s7_0,48.75,48.35,szPuQL8WF5prJP9s7,-0.10580986920907878,0.4045304294711863,0.24965124910143102,-0.3691624945854493,0.8502871948250517,0.42996140684936907,-0.41893374769116304,0.7129260274256812,0.35216318842342004,0,1
GT_szPuQL8WF5prJP9s7_1,57.05263157894737,48.73684210526316,szPuQL8WF5prJP9s7,-0.13913503733625932,0.16053188984892452,0.1609666721367792,-0.23698362638734105,0.7698003589195013,0.3517306536730533,-0.4942128066223279,0.7319524160830287,0.39565350944698263,1,1
GT_dC7qKt8rhj8W3FFTC_0,50.55,58.05,dC7qKt8rhj8W3FFTC,-0.10336068914618086,0.1599210311715096,0.04857239776971073,-0.21622873746086674,0.7101630362074867,0.27144142589598663,-0.40517130422735087,0.723924251127961,0.312244696171239,0,0
GT_dC7qKt8rhj8W3FFTC_1,48.25,50.6,dC7qKt8rhj8W3FFTC,0.013021456360836172,0.04347408434883549,0.03311961023034307,-0.13134772970485928,0.6367863188673251,0.2244070445167905,-0.41477595026492875,0.671002314413645,0.3209016294794189,1,0
GT_HXeLe9DnXEMs6JFjf_0,42.75,48.85,HXeLe9DnXEMs6JFjf,-0.11462292284783315,0.18950837867227285,0.18865849336162216,-0.3201502370941339,0.6986735581765922,0.370795119111406,-0.44805965071202847,0.6698140334059546,0.36575267729744726,0,1
GT_HXeLe9DnXEMs6JFjf_1,59.35,57.4,HXeLe9DnXEMs6JFjf,-0.07344565785979044,0.3421473402338762,0.1484668983143862,-0.35271191147904485,0.7452033677147378,0.3229025526121915,-0.6376675926875282,0.6609145690710934,0.3102682630458871,1,1
GT_nkPob7gypQi6DtwqS_0,51.89473684210526,46.73684210526316,nkPob7gypQi6DtwqS,-0.05740897187506425,0.08099262098079096,0.04511484115018319,0.025565499628245635,0.8340180948959051,0.28495976986814525,-0.41367820176198766,0.6952845676994195,0.2619460772252734,0,0
GT_nkPob7gypQi6DtwqS_1,52.65,56.8,nkPob7gypQi6DtwqS,-0.08456458733937883,0.13143324578342058,0.07911382970005572,-0.24479664726695538,0.6880882378237008,0.27324520907803557,-0.33776403588637016,0.7180460603080816,0.2679950256445308,1,0
GT_ew8uue7goY6SzSnMn_0,50.25,55.3,ew8uue7goY6SzSnMn,-0.14413013156306906,0.14787995260917525,0.17417013425128366,-0.18563360758778663,0.7624008451497208,0.3893533605937097,-0.44584830363327776,0.7079863165845736,0.3783608669575146,0,1
GT_ew8uue7goY6SzSnMn_1,54.89473684210526,48.68421052631579,ew8uue7goY6SzSnMn,-0.11175278557043894,0.27221907451930777,0.17077519351484025,-0.35424190060686167,0.7505008483561149,0.365624015072752,-0.38311694375500055,0.6422829817881633,0.31890502687174355,1,1
GT_F6g9NDczqP966pA5m_0,63.88235294117647,59.35294117647059,F6g9NDczqP966pA5m,-0.13726633071513125,0.15030048103343535,0.13143323846008853,-0.30678599553894825,0.6344857162431338,0.40484209862486,-0.5220131932128975,0.492072587420811,0.3776822687050674,0,0
GT_F6g9NDczqP966pA5m_1,61.421052631578945,54.68421052631579,F6g9NDczqP966pA5m,-0.10066849002785992,0.14322202159429082,0.05753021561988675,-0.32648190789409015,0.6253030011790306,0.2970485708425245,-0.46158820704438946,0.5610119043607861,0.4043056034014975,1,0
GT_To5RB7JuNk4h5FHaZ_0,48.8421052631579,52.10526315789474,To5RB7JuNk4h5FHaZ,-0.15956133591382418,0.3330865749192137,0.1870156329284151,-0.3973401555851492,0.7938841860374451,0.37518336973153604,-0.6051285876905728,0.6325157616036087,0.37204829322698957,0,1
GT_To5RB7JuNk4h5FHaZ_1,62.6,57.55,To5RB7JuNk4h5FHaZ,-0.12919575439306827,0.2819634559872337,0.18858316085253912,-0.3842966088918994,0.7149414362579728,0.37941024196701634,-0.465360192563969,0.5742381459286705,0.35189424886536075,1,1
GT_7c9biMCakuPCxMEXN_0,57.4,53.25,7c9biMCakuPCxMEXN,-0.0846686446519863,0.15231660025534868,0.11606424407967371,-0.2684940638867316,0.6412625860932799,0.31025154043203995,-0.45543248668361536,0.6212278183669991,0.31640468698250446,0,0
GT_7c9biMCakuPCxMEXN_1,53.27777777777778,52.55555555555556,7c9biMCakuPCxMEXN,-0.029350497738449915,0.18791328216090625,0.09677849352906415,-0.27144835701531833,0.644437538535392,0.31407792959846986,-0.47035960483632006,0.6267408543400581,0.31391850596693727,1,0
GT_W4EAr6TwRFApoCagP_0,57.68421052631579,57.89473684210526,W4EAr6TwRFApoCagP,-0.21115011995800292,0.20408723956851305,0.2600168138797916,-0.3321055820775357,0.7938841860374449,0.45381924994339606,-0.5309693129863449,0.7649250923564987,0.505062750253172,0,1
GT_W4EAr6TwRFApoCagP_1,63.6,60.5,W4EAr6TwRFApoCagP,-0.20128464919003025,0.17891729036086307,0.2508226052168516,-0.2507429436883993,0.809277442459788,0.4484879758940446,-0.5322952668879831,0.797072410042428,0.40227464654475786,1,1
GT_T9KCzCFiibi6W5mnL_0,42.15,45.95,T9KCzCFiibi6W5mnL,-0.11400232025533441,0.12892372267384475,0.08793771810558437,-0.1338352691094341,0.7193626166658114,0.3076152375865109,-0.45681482379079236,0.7359317702153707,0.2866102449621316,0,0
GT_T9KCzCFiibi6W5mnL_1,40.65,50.95,T9KCzCFiibi6W5mnL,-0.1008999412645214,0.09840115747538375,0.06926817768401997,-0.3521123581963943,0.5429040958374425,0.2715668498160219,-0.4414463169889212,0.5706709668057677,0.25881702265662854,1,0
GT_zg5puDzKGCxk7wAj2_0,54.7,54.95,zg5puDzKGCxk7wAj2,-0.23664511832961635,0.24392631608010906,0.15891973211410038,-0.35404409643746665,0.8012652087298259,0.3435163332654444,-0.38296655893880605,0.6999204306637321,0.3126247675643891,0,1
GT_zg5puDzKGCxk7wAj2_1,52.7,57.8,zg5puDzKGCxk7wAj2,-0.12073726135177448,0.1855591064249027,0.12771373420377635,-0.288675134594813,0.7454737139894203,0.318092212585739,-0.36570250968999884,0.7388987587875426,0.3538026131997437,1,1
GT_aS5rH5N5tnRsr3CQQ_0,52.1,58.15,aS5rH5N5tnRsr3CQQ,0.0007610063784516032,0.007621933134951964,-0.0021219588167133707,0.011504474832710576,0.6517949073958693,0.2153397297533244,-0.3328673188856506,0.7239487681565604,0.25347399952288974,0,0
GT_aS5rH5N5tnRsr3CQQ_1,64.4,63.95,aS5rH5N5tnRsr3CQQ,-0.0656872350615781,0.11771007947132672,0.012519029405530568,-0.17857142857142863,0.6389695318261066,0.3228950447835232,-0.4260266534342745,0.6675503204807136,0.36426704191337034,1,0
GT_W7ZjgcCnPfhq8eYnp_0,50.4,56.5,W7ZjgcCnPfhq8eYnp,-0.10098809369884137,0.16419985528935938,0.08837304586336045,-0.11409154467922406,0.7870365033459157,0.28268918548597954,-0.299744175856602,0.783079056787763,0.3156969575470763,0,1
GT_W7ZjgcCnPfhq8eYnp_1,60.111111111111114,53.44444444444444,W7ZjgcCnPfhq8eYnp,-0.07500261269696723,0.39468461578240993,0.1589001747806856,-0.3321055820775358,0.8534471331982564,0.34945934706451215,-0.51849325785324,0.6895377804721489,0.3168235439605302,1,1
GT_RugWRCuQ9MounHF8x_0,55.05263157894737,60.63157894736842,RugWRCuQ9MounHF8x,-0.14754376547334233,0.12661025409062485,0.06254329223027669,-0.3021855360048371,0.6474139969712704,0.2971263201176705,-0.3773705505839946,0.7377507291448188,0.33234620041709806,0,0
GT_RugWRCuQ9MounHF8x_1,52.45,46.2,RugWRCuQ9MounHF8x,-0.07251515831209263,0.07754437349195714,0.061439216708534854,-0.1828750239937687,0.6816868858811114,0.3113996854599904,-0.4883066638534577,0.8011658055344972,0.319371552643936,1,0
GT_PRBmQFw8WDcrNi2Qn_0,52.75,52.25,PRBmQFw8WDcrNi2Qn,-0.1076512326102627,0.10555139623938056,0.13229223426496417,-0.03003666356635617,0.8238385947616035,0.3572371279221867,-0.4543618337343787,0.6811852864027808,0.34100522578142667,0,1
GT_PRBmQFw8WDcrNi2Qn_1,51.0,49.45,PRBmQFw8WDcrNi2Qn,-0.11755030648699001,0.26190745051270586,0.19435496985342243,-0.3306232612667905,0.7654658053376584,0.42901573274657245,-0.5569139491899069,0.6420200297773847,0.3328832822894829,1,1
GT_ig8z4GCN3uW4nFT54_0,42.89473684210526,50.0,ig8z4GCN3uW4nFT54,-0.08422989499190286,0.1744452793106258,0.09235491554280303,-0.23103163651009676,0.7348105187878923,0.2868176288870551,-0.45241610828000656,0.6102601437436013,0.2748221641543639,0,0
GT_ig8z4GCN3uW4nFT54_1,40.578947368421055,47.0,ig8z4GCN3uW4nFT54,-0.1824955015298563,0.31507625806848716,0.22794016936792724,-0.36380899352993956,0.8964214570007951,0.43317647896947453,-0.5262734396096007,0.6889286621434275,0.4500638591342522,1,0
GT_wx5E4WNYAzhggxxNt_0,64.38888888888889,64.94444444444444,wx5E4WNYAzhggxxNt,-0.11401789081192354,0.2225450376079674,0.24923625451747197,-0.3010729024365,0.7419998561292331,0.45426610578077015,-0.48448661870540655,0.6820255811438029,0.4105897845315857,0,1
GT_wx5E4WNYAzhggxxNt_1,61.55,57.35,wx5E4WNYAzhggxxNt,-0.17598350523178913,0.37041119685716306,0.27228358946893916,-0.42829534333823616,0.8028392568230148,0.47078691618109286,-0.6740784963629157,0.7030624144175263,0.4752247902931966,1,1
GT_hjTbDvCzT2RW9pgm8_0,54.89473684210526,54.94736842105263,hjTbDvCzT2RW9pgm8,-0.15594774134021472,0.11207390514252476,0.040486202570311915,-0.3115491491990818,0.6522875080385832,0.2695041707719076,-0.3629831111664694,0.657624756600212,0.2905730566666535,0,0
GT_hjTbDvCzT2RW9pgm8_1,65.35,65.6,hjTbDvCzT2RW9pgm8,-0.009429913280725401,0.13074168877746414,0.03841049407801396,-0.2563403838825249,0.5876162287341222,0.22185909323605882,-0.4645103901022523,0.5920629158173267,0.3407218463322124,1,0
GT_R5JmsFyk7arzZrwiE_0,61.25,63.6,R5JmsFyk7arzZrwiE,-0.10481739941488341,0.18385285721940836,0.11082282796466947,-0.12904604751226978,0.793360614659676,0.40055491852957364,-0.4644232506776237,0.5781929008588077,0.402418097247109,0,1
GT_R5JmsFyk7arzZrwiE_1,60.4,58.45,R5JmsFyk7arzZrwiE,-0.18374156528705524,0.25485421475955694,0.16998549214003,-0.35531142079930467,0.7938841860374447,0.3481536419094138,-0.47752484941431284,0.6133464867049624,0.28730301555538645,1,1
GT_d2N6gipGzAM2B3GPn_0,59.1,64.15,d2N6gipGzAM2B3GPn,-0.05067439524142947,0.16706958701187014,0.09475980645873039,-0.18401748249129454,0.6900655593423545,0.394813368800244,-0.4749299441547524,0.6388068789695571,0.3313497088035458,0,0
GT_d2N6gipGzAM2B3GPn_1,53.1,57.6,d2N6gipGzAM2B3GPn,-0.2416279552102205,0.20006645529380884,0.236376999934009,-0.29735528216155943,0.8210201423071631,0.4359312261898833,-0.384434092887429,0.7474989811254913,0.4269318281989327,1,0
